{"val_loss": 0.9253044128417969, "val_acc": 0.5714285969734192, "_timestamp": 1686098811.8616197, "_runtime": 499.7458348274231, "_step": 2776, "train_loss": 0.2627008259296417, "_wandb": {"runtime": 501}}