{"val_loss": 0.6509078741073608, "val_acc": 0.5714285969734192, "_timestamp": 1685744977.578753, "_runtime": 321.08098793029785, "_step": 1166, "train_loss": 0.6855716705322266}