{"val_loss": 0.6718397736549377, "val_acc": 0.5714285969734192, "_timestamp": 1686097888.7364302, "_runtime": 452.8077931404114, "_step": 2221, "train_loss": 0.31621724367141724}