{"val_loss": 0.750960648059845, "val_acc": 0.6428571939468384, "_timestamp": 1686097965.3845942, "_runtime": 529.4559571743011, "_step": 2776, "train_loss": 0.49057042598724365, "_wandb": {"runtime": 531}}