{"val_loss": 0.8109107613563538, "val_acc": 0.5714285969734192, "_timestamp": 1686099469.088416, "_runtime": 466.90353512763977, "_step": 2776, "train_loss": 0.337416410446167, "_wandb": {"runtime": 468}}