{"val_loss": 0.7126669883728027, "val_acc": 0.4285714626312256, "_timestamp": 1686099189.6755018, "_runtime": 187.49062085151672, "_step": 556, "train_loss": 0.5595192313194275}