{"val_loss": 0.6863227486610413, "val_acc": 0.7142857313156128, "_timestamp": 1685749571.414043, "_runtime": 1888.5729310512543, "_step": 5551, "train_loss": 0.11381744593381882, "_wandb": {"runtime": 1928}}